Strategy,Sharpe,Sortino,Max DD (%),Avg Turnover,95% Turnover,Avg N_eff
Parametric HMM,1.4283369223859208,2.021154863075066,-2.9446165890178886,0.0050000000746858965,3.643317203861232e-10,1.9230769246590702
KNN,2.509123624863193,3.0293632751874693,-3.679347947100861,0.24061247318253573,0.6000000138364296,1.9708375626107326
Equal-Weight,2.624083107209879,3.744504772981179,-3.8219650155408487,0.0,0.0,5.0
SPX B&H,1.64987454768789,2.185519370413989,-5.245276003621946,0.0,0.0,1.0
